HP Category,Year,Month,u.CAGI,d.CAGI,u.IR,d.IR,u.NonIR,d.NonIR
10 hp,2009,1,218,1178948,56,319316,162,859632
10 hp,2009,2,200,1066974,44,248806,156,818168
10 hp,2009,3,272,1399758,52,285730,220,1114028
10 hp,2009,4,178,996182,42,235730,136,760452
10 hp,2009,5,200,1117158,60,333908,140,783250
10 hp,2009,6,258,1356456,70,371568,188,984888
10 hp,2009,7,270,1358426,68,343940,202,1014486
10 hp,2009,8,260,1170142,48,236706,212,933436
10 hp,2009,9,402,1876124,74,386406,328,1489718
10 hp,2009,10,234,1234650,74,370878,160,863772
10 hp,2009,11,250,1215374,66,328512,184,886862
10 hp,2009,12,262,1459032,80,398090,182,1060942
10 hp,2010,1,184,1050048,40,201974,144,848074
10 hp,2010,2,190,1041078,42,209250,148,831828
10 hp,2010,3,312,1758544,58,306082,254,1452462
10 hp,2010,4,188,1054358,50,284852,138,769506
10 hp,2010,5,296,1268726,54,302220,242,966506
10 hp,2010,6,346,1766440,52,273722,294,1492718
10 hp,2010,7,330,1482070,64,324714,266,1157356
10 hp,2010,8,342,1542542,60,304088,282,1238454
10 hp,2010,9,452,1882388,64,328038,388,1554350
10 hp,2010,10,258,1366358,54,279800,204,1086558
10 hp,2010,11,278,1505464,66,332336,212,1173128
10 hp,2010,12,388,1849828,88,427148,300,1422680
10 hp,2011,1,226,1254802,46,229208,180,1025594
10 hp,2011,2,262,1391168,46,227958,216,1163210
10 hp,2011,3,442,2148814,72,375700,370,1773114
10 hp,2011,4,294,1511188,42,206808,252,1304380
10 hp,2011,5,356,1712444,52,257578,304,1454866
10 hp,2011,6,554,2475180,54,268216,500,2206964
10 hp,2011,7,508,2135256,48,239926,460,1895330
10 hp,2011,8,486,2232946,80,417234,406,1815712
10 hp,2011,9,548,2584980,92,475812,456,2109168
10 hp,2011,10,344,1762892,48,244512,296,1518380
10 hp,2011,11,320,1717834,86,399394,234,1318440
10 hp,2011,12,406,2273340,86,433412,320,1839928
10 hp,2012,1,290,1675606,42,209862,248,1465744
10 hp,2012,2,398,2207660,110,540982,288,1666678
10 hp,2012,3,444,2444242,106,520128,338,1924114
10 hp,2012,4,368,1986294,62,308574,306,1677720
10 hp,2012,5,482,2287008,74,378636,408,1908372
10 hp,2012,6,428,2288512,72,353272,356,1935240
10 hp,2012,7,416,2307460,98,507560,318,1799900
10 hp,2012,8,420,2054136,76,390636,344,1663500
10 hp,2012,9,402,2103286,52,267290,350,1835996
10 hp,2012,10,400,2161064,62,337252,338,1823812
10 hp,2012,11,388,2206844,92,498488,296,1708356
10 hp,2012,12,394,2260564,104,550204,290,1710360
10 hp,2013,1,358,2064074,76,399630,282,1664444
10 hp,2013,2,406,2293626,112,587162,294,1706464
10 hp,2013,3,392,2169230,82,415354,310,1753876
10 hp,2013,4,474,2468444,100,531614,374,1936830
10 hp,2013,5,490,2566232,104,565160,386,2001072
10 hp,2013,6,464,2350834,86,444386,378,1906448
10 hp,2013,7,368,2025940,92,491792,276,1534148
10 hp,2013,8,482,2592014,94,521744,388,2070270
10 hp,2013,9,460,2389344,96,464814,364,1924530
10 hp,2013,10,396,2205798,76,423022,320,1782776
10 hp,2013,11,470,2722910,92,494082,378,2228828
10 hp,2013,12,484,2723290,100,533702,384,2189588
10 hp,2014,1,406,2507608,110,606268,296,1901340
10 hp,2014,2,376,2154678,94,500526,282,1654152
10 hp,2014,3,404,2413078,86,473120,318,1939958
10 hp,2014,4,568,2973512,104,552410,464,2421102
10 hp,2014,5,205,1118660,92,501449.4,159,867935.3
10 hp,2014,6,634,3069538,118,662806.24,516,2406731.76
10 hp,2014,7,,,,,,
10 hp,2014,8,,,,,,
10 hp,2014,9,,,,,,
10 hp,2014,10,,,,,,
10 hp,2014,11,,,,,,
10 hp,2014,12,,,,,,
100 hp,2009,1,128,3400652,42,1098086,86,2302566
100 hp,2009,2,114,3081156,24,645742,90,2435414
100 hp,2009,3,120,3335262,40,1131892,80,2203370
100 hp,2009,4,112,2992632,36,924794,76,2067838
100 hp,2009,5,78,2153802,26,735656,52,1418146
100 hp,2009,6,156,4179414,50,1262718,106,2916696
100 hp,2009,7,100,2851080,22,624996,78,2226084
100 hp,2009,8,134,3925488,38,994744,96,2930744
100 hp,2009,9,126,3589132,24,630340,102,2958792
100 hp,2009,10,120,3162878,34,889908,86,2272970
100 hp,2009,11,134,3570258,26,698312,108,2871946
100 hp,2009,12,186,5311434,26,743884,160,4567550
100 hp,2010,1,114,2997528,14,354210,100,2643318
100 hp,2010,2,152,4072330,50,1235366,102,2836964
100 hp,2010,3,186,4959436,52,1262144,134,3697292
100 hp,2010,4,132,3584350,46,1204880,86,2379470
100 hp,2010,5,174,4833424,46,1227894,128,3605530
100 hp,2010,6,178,5171994,40,1107878,138,4064116
100 hp,2010,7,132,3468982,34,790248,98,2678734
100 hp,2010,8,166,4538430,42,969978,124,3568452
100 hp,2010,9,198,5453238,84,2281318,114,3171920
100 hp,2010,10,204,5622776,52,1409266,152,4213510
100 hp,2010,11,204,5675712,44,1207576,160,4468136
100 hp,2010,12,254,6911458,74,1958542,180,4952916
100 hp,2011,1,162,4428332,30,779462,132,3648870
100 hp,2011,2,200,5277422,56,1359860,144,3917562
100 hp,2011,3,234,6671824,62,1724744,172,4947080
100 hp,2011,4,206,5623768,50,1475470,156,4148298
100 hp,2011,5,216,6347220,46,1360616,170,4986604
100 hp,2011,6,246,6731618,52,1436186,194,5295432
100 hp,2011,7,206,5944414,44,1213580,162,4730834
100 hp,2011,8,260,7645462,52,1430134,208,6215328
100 hp,2011,9,252,7323270,66,1947898,186,5375372
100 hp,2011,10,278,8412016,106,3066842,172,5345174
100 hp,2011,11,236,6834174,70,1924944,166,4909230
100 hp,2011,12,306,9081612,82,2451008,224,6630604
100 hp,2012,1,192,5581532,26,803660,166,4777872
100 hp,2012,2,260,7732100,58,1678606,202,6053494
100 hp,2012,3,264,8080110,48,1470718,216,6609392
100 hp,2012,4,332,9876564,88,2642414,244,7234150
100 hp,2012,5,254,7785138,84,2680500,170,5104638
100 hp,2012,6,294,8715312,90,2716414,204,5998898
100 hp,2012,7,220,6384892,52,1510894,168,4873998
100 hp,2012,8,280,8416518,58,1716104,222,6700414
100 hp,2012,9,276,7989642,56,1650708,220,6338934
100 hp,2012,10,308,8949428,78,2131532,230,6817896
100 hp,2012,11,322,9803404,84,2500876,238,7302528
100 hp,2012,12,328,10449006,96,2287590,232,8161416
100 hp,2013,1,216,6818172,48,1599208,168,5218964
100 hp,2013,2,274,8408008,54,1646792,220,6761216
100 hp,2013,3,310,9280884,70,2161424,240,7119460
100 hp,2013,4,272,8061274,78,2340622,194,5720652
100 hp,2013,5,258,7867114,70,2203744,188,5663370
100 hp,2013,6,332,10338154,104,3383116,228,6955038
100 hp,2013,7,276,8462966,90,2646306,186,5816660
100 hp,2013,8,302,9369708,82,2597896,220,6771812
100 hp,2013,9,314,9599568,86,2557116,228,7042452
100 hp,2013,10,260,7972988,68,2063752,192,5909236
100 hp,2013,11,262,7922588,70,2202190,192,5720398
100 hp,2013,12,306,9572772,80,2670894,226,6901878
100 hp,2014,1,260,8009204,40,1107498,220,6901706
100 hp,2014,2,270,8397186,42,1391564,228,7005622
100 hp,2014,3,278,8184772,66,1934454,212,6250318
100 hp,2014,4,224,6720750,62,1865100,162,4855650
100 hp,2014,5,234,7116218,54,1728575.4,180,5387642.6
100 hp,2014,6,318,9727880,106,3373669.68,212,6354210.32
100 hp,2014,7,,,,,,
100 hp,2014,8,,,,,,
100 hp,2014,9,,,,,,
100 hp,2014,10,,,,,,
100 hp,2014,11,,,,,,
100 hp,2014,12,,,,,,
125 hp,2009,1,52,1908424,8,333934,44,1574490
125 hp,2009,2,42,1488740,16,575844,26,912896
125 hp,2009,3,62,2137018,20,757516,42,1379502
125 hp,2009,4,42,1524134,12,437042,30,1087092
125 hp,2009,5,40,1527488,16,647046,24,880442
125 hp,2009,6,38,1413000,8,349962,30,1063038
125 hp,2009,7,54,2001506,20,804304,34,1197202
125 hp,2009,8,26,980302,4,122560,22,857742
125 hp,2009,9,66,2343246,16,639524,50,1703722
125 hp,2009,10,46,1645066,10,418736,36,1226330
125 hp,2009,11,44,1536118,14,497588,30,1038530
125 hp,2009,12,62,2275654,18,724224,44,1551430
125 hp,2010,1,30,953108,14,376106,16,577002
125 hp,2010,2,46,1586854,10,370642,36,1216212
125 hp,2010,3,46,1617728,6,221522,40,1396206
125 hp,2010,4,46,1881158,14,553998,32,1327160
125 hp,2010,5,44,1565212,8,306936,36,1258276
125 hp,2010,6,48,1800338,4,175244,44,1625094
125 hp,2010,7,80,2931772,12,483274,68,2448498
125 hp,2010,8,40,1426686,4,165042,36,1261644
125 hp,2010,9,52,2049712,4,160490,48,1889222
125 hp,2010,10,70,2628126,22,814466,48,1813660
125 hp,2010,11,58,2334336,26,1138242,32,1196094
125 hp,2010,12,70,2764620,30,1320712,40,1443908
125 hp,2011,1,60,2294280,6,224340,54,2069940
125 hp,2011,2,70,2776218,16,700812,54,2075406
125 hp,2011,3,74,2570600,8,306236,66,2264364
125 hp,2011,4,60,2073816,22,726590,38,1347226
125 hp,2011,5,60,2450776,8,318854,52,2131922
125 hp,2011,6,48,1886002,16,600818,32,1285184
125 hp,2011,7,46,1740102,10,339760,36,1400342
125 hp,2011,8,72,2914276,18,788522,54,2125754
125 hp,2011,9,80,3115272,22,1007388,58,2107884
125 hp,2011,10,68,2773752,20,816950,48,1956802
125 hp,2011,11,96,3812242,32,1285916,64,2526326
125 hp,2011,12,98,4042446,30,1299736,68,2742710
125 hp,2012,1,52,2007042,12,520630,40,1486412
125 hp,2012,2,42,1699216,10,463924,32,1235292
125 hp,2012,3,82,3096390,30,1008344,52,2088046
125 hp,2012,4,72,2867524,18,719608,54,2147916
125 hp,2012,5,80,3282528,12,564140,68,2718388
125 hp,2012,6,74,2962526,20,922452,54,2040074
125 hp,2012,7,64,2493398,14,535988,50,1957410
125 hp,2012,8,68,2826834,12,574546,56,2252288
125 hp,2012,9,76,3434814,12,518456,64,2916358
125 hp,2012,10,92,3474240,12,492526,80,2981714
125 hp,2012,11,70,2792306,28,1139488,42,1652818
125 hp,2012,12,86,3556450,20,877932,66,2678518
125 hp,2013,1,52,2425130,12,567632,40,1857498
125 hp,2013,2,78,3042742,16,629170,62,2413572
125 hp,2013,3,52,2143632,16,646176,36,1497456
125 hp,2013,4,36,1334460,10,376986,26,957474
125 hp,2013,5,80,3221888,12,486178,68,2735710
125 hp,2013,6,96,3905914,12,515158,84,3390756
125 hp,2013,7,64,2636952,18,805826,46,1831126
125 hp,2013,8,68,2520086,6,261256,62,2258830
125 hp,2013,9,78,3351500,18,788120,60,2563380
125 hp,2013,10,74,3109404,14,568146,60,2541258
125 hp,2013,11,76,2946312,10,448772,66,2497540
125 hp,2013,12,104,4234088,14,508966,90,3725122
125 hp,2014,1,54,2309076,12,582086,42,1726990
125 hp,2014,2,60,2435518,16,713732,44,1721786
125 hp,2014,3,112,4565672,28,1096598,84,3469074
125 hp,2014,4,82,3521494,12,533826,70,2987668
125 hp,2014,5,90,3626460,4,175861.2,86,3450598.8
125 hp,2014,6,72,3180822,16,731790.6,56,2449031.4
125 hp,2014,7,,,,,,
125 hp,2014,8,,,,,,
125 hp,2014,9,,,,,,
125 hp,2014,10,,,,,,
125 hp,2014,11,,,,,,
125 hp,2014,12,,,,,,
15 hp,2009,1,348,2305464,122,756260,226,1549204
15 hp,2009,2,280,1958844,90,562836,190,1396008
15 hp,2009,3,404,2500008,128,768900,276,1731108
15 hp,2009,4,252,1673838,94,566912,158,1106926
15 hp,2009,5,296,2009836,110,683488,186,1326348
15 hp,2009,6,298,1905384,94,555144,204,1350240
15 hp,2009,7,328,2130274,106,616410,222,1513864
15 hp,2009,8,288,1813852,106,638376,182,1175476
15 hp,2009,9,364,2267718,106,617076,258,1650642
15 hp,2009,10,296,1897838,110,637922,186,1259916
15 hp,2009,11,288,1830770,138,823664,150,1007106
15 hp,2009,12,462,2908286,170,972798,292,1935488
15 hp,2010,1,334,2160730,112,641184,222,1519546
15 hp,2010,2,306,1982392,120,704874,186,1277518
15 hp,2010,3,350,2362192,106,661564,244,1700628
15 hp,2010,4,364,2376000,128,769412,236,1606588
15 hp,2010,5,318,2144938,76,482918,242,1662020
15 hp,2010,6,434,2745728,122,729228,312,2016500
15 hp,2010,7,350,2322752,116,710372,234,1612380
15 hp,2010,8,484,3058628,178,1021666,306,2036962
15 hp,2010,9,432,2747446,132,770626,300,1976820
15 hp,2010,10,410,2652762,114,684046,296,1968716
15 hp,2010,11,406,2555234,124,729884,282,1825350
15 hp,2010,12,528,3450634,206,1214962,322,2235672
15 hp,2011,1,394,2514530,126,750004,268,1764526
15 hp,2011,2,344,2247454,88,522496,256,1724958
15 hp,2011,3,542,3559926,156,988072,386,2571854
15 hp,2011,4,390,2639524,140,884278,250,1755246
15 hp,2011,5,484,3145530,158,940754,326,2204776
15 hp,2011,6,596,3780892,152,887646,444,2893246
15 hp,2011,7,412,2720852,138,774776,274,1946076
15 hp,2011,8,498,3421602,152,920802,346,2500800
15 hp,2011,9,554,3711974,186,1154920,368,2557054
15 hp,2011,10,526,3398820,174,1085790,352,2313030
15 hp,2011,11,498,3329864,152,834798,346,2495066
15 hp,2011,12,648,4279574,242,1407712,406,2871862
15 hp,2012,1,522,3457276,170,1057514,352,2399762
15 hp,2012,2,558,3383094,170,935134,388,2447960
15 hp,2012,3,634,4202550,218,1299254,416,2903296
15 hp,2012,4,528,3508660,138,804350,390,2704310
15 hp,2012,5,600,3987430,198,1174058,402,2813372
15 hp,2012,6,610,4092432,196,1161790,414,2930642
15 hp,2012,7,558,3689276,186,1062530,372,2626746
15 hp,2012,8,518,3653458,134,832414,384,2821044
15 hp,2012,9,498,3354044,122,743830,376,2610214
15 hp,2012,10,652,4400114,198,1291038,454,3109076
15 hp,2012,11,602,4051008,208,1259162,394,2791846
15 hp,2012,12,504,3389646,164,1022118,340,2367528
15 hp,2013,1,572,3859716,186,1145060,386,2714656
15 hp,2013,2,546,3820620,168,1035554,378,2785066
15 hp,2013,3,594,4137296,236,1430444,358,2706852
15 hp,2013,4,692,4774596,218,1294066,474,3480530
15 hp,2013,5,548,3717786,178,1092214,370,2625572
15 hp,2013,6,598,4102194,216,1318974,382,2783220
15 hp,2013,7,646,4529640,226,1420988,420,3108652
15 hp,2013,8,656,4597092,242,1499706,414,3097386
15 hp,2013,9,578,4047334,172,1010352,406,3036982
15 hp,2013,10,668,4893846,192,1267258,476,3626588
15 hp,2013,11,532,3818488,180,1183020,352,2635468
15 hp,2013,12,610,4207686,238,1460806,372,2746880
15 hp,2014,1,604,4173170,250,1542080,354,2631090
15 hp,2014,2,542,3844080,202,1209558,340,2634522
15 hp,2014,3,664,4764282,186,1183006,478,3581276
15 hp,2014,4,610,4284312,220,1381214,390,2903098
15 hp,2014,5,596,4213184,212,1346305.4,384,2866878.6
15 hp,2014,6,620,4414090,190,1184603.12,430,3229486.88
15 hp,2014,7,,,,,,
15 hp,2014,8,,,,,,
15 hp,2014,9,,,,,,
15 hp,2014,10,,,,,,
15 hp,2014,11,,,,,,
15 hp,2014,12,,,,,,
150 hp,2009,1,58,2492114,14,440014,44,2052100
150 hp,2009,2,88,3686248,12,586346,76,3099902
150 hp,2009,3,68,3047730,34,1600048,34,1447682
150 hp,2009,4,70,2875864,18,700882,52,2174982
150 hp,2009,5,48,1755838,10,458878,38,1296960
150 hp,2009,6,64,2509986,12,486226,52,2023760
150 hp,2009,7,44,1958110,4,173622,40,1784488
150 hp,2009,8,46,1992030,10,391206,36,1600824
150 hp,2009,9,66,2752898,6,247696,60,2505202
150 hp,2009,10,36,1481820,10,409738,26,1072082
150 hp,2009,11,52,2312020,12,569966,40,1742054
150 hp,2009,12,66,2731088,10,364968,56,2366120
150 hp,2010,1,38,1542390,14,607780,24,934610
150 hp,2010,2,28,1088106,6,212392,22,875714
150 hp,2010,3,70,2843468,22,881314,48,1962154
150 hp,2010,4,56,2248198,8,361882,48,1886316
150 hp,2010,5,74,2854254,18,679738,56,2174516
150 hp,2010,6,62,2362362,8,308748,54,2053614
150 hp,2010,7,68,3248178,18,733230,50,2514948
150 hp,2010,8,84,3625454,14,556606,70,3068848
150 hp,2010,9,84,3324262,18,760526,66,2563736
150 hp,2010,10,74,3055972,16,688858,58,2367114
150 hp,2010,11,84,3711840,22,946544,62,2765296
150 hp,2010,12,82,3691026,40,1681792,42,2009234
150 hp,2011,1,86,3665692,24,986626,62,2679066
150 hp,2011,2,88,3934066,26,1127510,62,2806556
150 hp,2011,3,94,4125476,18,824818,76,3300658
150 hp,2011,4,64,2946886,6,282910,58,2663976
150 hp,2011,5,74,3241946,20,954144,54,2287802
150 hp,2011,6,142,6565940,40,1861134,102,4704806
150 hp,2011,7,68,3149640,16,709788,52,2439852
150 hp,2011,8,114,5205164,40,1903394,74,3301770
150 hp,2011,9,92,4198274,26,1234260,66,2964014
150 hp,2011,10,114,5193772,18,798364,96,4395408
150 hp,2011,11,114,5039128,32,1355046,82,3684082
150 hp,2011,12,114,5248360,28,1246732,86,4001628
150 hp,2012,1,70,2981200,14,618026,56,2363174
150 hp,2012,2,110,4674994,34,1530664,76,3144330
150 hp,2012,3,114,5093682,24,1017800,90,4075882
150 hp,2012,4,108,5207966,10,454618,98,4753348
150 hp,2012,5,126,5937798,34,1542872,92,4394926
150 hp,2012,6,174,8405048,46,2022056,128,6382992
150 hp,2012,7,98,4580032,18,798078,80,3781954
150 hp,2012,8,114,5299486,32,1357210,82,3942276
150 hp,2012,9,136,6391108,40,1649272,96,4741836
150 hp,2012,10,130,5779938,32,1448968,98,4330970
150 hp,2012,11,122,5433992,38,1754586,84,3679406
150 hp,2012,12,144,6275086,36,1522060,108,4753026
150 hp,2013,1,102,4397808,24,1061700,78,3336108
150 hp,2013,2,102,4756700,34,1626810,68,3129890
150 hp,2013,3,160,7255746,50,2238016,110,5017730
150 hp,2013,4,126,6275940,32,1530478,94,4745462
150 hp,2013,5,116,5176388,40,1731822,76,3444566
150 hp,2013,6,122,5217916,34,1423020,88,3794896
150 hp,2013,7,126,5759588,44,1908470,82,3851118
150 hp,2013,8,144,6350702,46,1993476,98,4357226
150 hp,2013,9,114,5199446,32,1500988,82,3698458
150 hp,2013,10,110,4676090,32,1468402,78,3207688
150 hp,2013,11,116,5357318,40,1836176,76,3521142
150 hp,2013,12,118,5721512,30,1445000,88,4276512
150 hp,2014,1,102,4720988,18,846402,84,3874586
150 hp,2014,2,74,3226870,18,848890,56,2377980
150 hp,2014,3,124,5944552,34,1719732,90,4224820
150 hp,2014,4,126,6194404,22,1024034,104,5170370
150 hp,2014,5,108,5210268,20,890629.2,88,4319638.8
150 hp,2014,6,140,6087262,32,1487743.6,108,4599518.4
150 hp,2014,7,,,,,,
150 hp,2014,8,,,,,,
150 hp,2014,9,,,,,,
150 hp,2014,10,,,,,,
150 hp,2014,11,,,,,,
150 hp,2014,12,,,,,,
20 hp,2009,1,210,1841288,66,673982,144,1167306
20 hp,2009,2,158,1413356,34,324760,124,1088596
20 hp,2009,3,194,1639288,36,354208,158,1285080
20 hp,2009,4,158,1410388,48,460504,110,949884
20 hp,2009,5,136,1249870,36,342884,100,906986
20 hp,2009,6,194,1723896,48,408908,146,1314988
20 hp,2009,7,128,1212438,30,322500,98,889938
20 hp,2009,8,124,1165336,24,257456,100,907880
20 hp,2009,9,198,1678182,54,509736,144,1168446
20 hp,2009,10,174,1495158,24,215426,150,1279732
20 hp,2009,11,118,1024890,38,346784,80,678106
20 hp,2009,12,184,1589024,28,233174,156,1355850
20 hp,2010,1,156,1386718,50,476334,106,910384
20 hp,2010,2,100,846000,24,219026,76,626974
20 hp,2010,3,214,1827354,50,466146,164,1361208
20 hp,2010,4,174,1593260,52,500478,122,1092782
20 hp,2010,5,154,1345580,36,327056,118,1018524
20 hp,2010,6,206,1995856,48,496174,158,1499682
20 hp,2010,7,176,1618866,58,555156,118,1063710
20 hp,2010,8,194,1714884,56,541834,138,1173050
20 hp,2010,9,224,1974608,68,621196,156,1353412
20 hp,2010,10,200,1743678,46,435774,154,1307904
20 hp,2010,11,186,1631528,50,466140,136,1165388
20 hp,2010,12,216,1942546,58,558734,158,1383812
20 hp,2011,1,194,1773042,34,319236,160,1453806
20 hp,2011,2,124,1125048,22,220130,102,904918
20 hp,2011,3,242,2292208,44,424292,198,1867916
20 hp,2011,4,206,1790014,30,290370,176,1499644
20 hp,2011,5,208,1993330,48,459696,160,1533634
20 hp,2011,6,222,2101230,64,634300,158,1466930
20 hp,2011,7,246,2130950,58,502284,188,1628666
20 hp,2011,8,222,2071754,60,605420,162,1466334
20 hp,2011,9,272,2403320,40,422782,232,1980538
20 hp,2011,10,224,2226302,36,362730,188,1863572
20 hp,2011,11,268,2732972,58,479138,210,2253834
20 hp,2011,12,278,2610650,70,666440,208,1944210
20 hp,2012,1,224,2094904,68,661698,156,1433206
20 hp,2012,2,262,2638706,46,436722,216,2201984
20 hp,2012,3,274,2495426,44,400884,230,2094542
20 hp,2012,4,274,2475398,94,844224,180,1631174
20 hp,2012,5,284,2667898,20,233318,264,2434580
20 hp,2012,6,300,2893146,80,853200,220,2039946
20 hp,2012,7,260,2551608,44,528992,216,2022616
20 hp,2012,8,220,2141516,44,494480,176,1647036
20 hp,2012,9,254,2483778,50,592832,204,1890946
20 hp,2012,10,274,2596016,44,494818,230,2101198
20 hp,2012,11,260,2409630,60,646704,200,1762926
20 hp,2012,12,262,2474402,30,315886,232,2158516
20 hp,2013,1,230,2191832,62,667918,168,1523914
20 hp,2013,2,234,2465852,52,717972,182,1747880
20 hp,2013,3,256,2515576,36,416114,220,2099462
20 hp,2013,4,272,2636232,46,466864,226,2169368
20 hp,2013,5,264,2732072,58,629324,206,2102748
20 hp,2013,6,228,2215362,50,534792,178,1680570
20 hp,2013,7,252,2544964,52,590388,200,1954576
20 hp,2013,8,286,2904100,56,620036,230,2284064
20 hp,2013,9,266,2589498,66,651384,200,1938114
20 hp,2013,10,278,2855068,36,416898,242,2438170
20 hp,2013,11,228,2319514,48,547166,180,1772348
20 hp,2013,12,306,3191144,80,960222,226,2230922
20 hp,2014,1,268,2639864,56,644174,212,1995690
20 hp,2014,2,258,2596066,32,395704,226,2200362
20 hp,2014,3,224,2183574,38,428110,186,1755464
20 hp,2014,4,298,2969774,54,627526,244,2342248
20 hp,2014,5,208,2207038,32,344948.2,176,1862089.8
20 hp,2014,6,292,3053596,64,707425.14,228,2346170.86
20 hp,2014,7,,,,,,
20 hp,2014,8,,,,,,
20 hp,2014,9,,,,,,
20 hp,2014,10,,,,,,
20 hp,2014,11,,,,,,
20 hp,2014,12,,,,,,
200 hp,2009,1,84,4562596,34,1579402,50,2983194
200 hp,2009,2,84,4195654,18,946052,66,3249602
200 hp,2009,3,64,3205572,28,1438590,36,1766982
200 hp,2009,4,48,2489636,10,569136,38,1920500
200 hp,2009,5,52,2498898,12,561788,40,1937110
200 hp,2009,6,92,4758200,24,1368922,68,3389278
200 hp,2009,7,58,3097866,14,841218,44,2256648
200 hp,2009,8,50,2466386,20,1046062,30,1420324
200 hp,2009,9,44,2117390,20,942360,24,1175030
200 hp,2009,10,58,2871008,16,835392,42,2035616
200 hp,2009,11,64,3166852,20,1018036,44,2148816
200 hp,2009,12,80,3913390,18,1048552,62,2864838
200 hp,2010,1,54,2661330,14,673000,40,1988330
200 hp,2010,2,66,3269668,16,885592,50,2384076
200 hp,2010,3,60,3027354,12,572134,48,2455220
200 hp,2010,4,64,3051968,24,1260324,40,1791644
200 hp,2010,5,90,4545850,36,2002708,54,2543142
200 hp,2010,6,80,3777982,32,1735262,48,2042720
200 hp,2010,7,88,4287168,38,1772874,50,2514294
200 hp,2010,8,54,2669124,14,717220,40,1951904
200 hp,2010,9,82,3988284,24,1337870,58,2650414
200 hp,2010,10,102,4989920,30,1470794,72,3519126
200 hp,2010,11,82,4525074,26,1482664,56,3042410
200 hp,2010,12,128,6689526,48,2715582,80,3973944
200 hp,2011,1,74,4278054,26,1578348,48,2699706
200 hp,2011,2,74,4864918,16,956196,58,3908722
200 hp,2011,3,98,4995800,8,458564,90,4537236
200 hp,2011,4,114,5767426,44,2312326,70,3455100
200 hp,2011,5,102,6180430,12,696208,90,5484222
200 hp,2011,6,100,5710752,32,1528252,68,4182500
200 hp,2011,7,106,5620800,32,1816668,74,3804132
200 hp,2011,8,132,7668254,32,1905080,100,5763174
200 hp,2011,9,130,7281936,26,1486584,104,5795352
200 hp,2011,10,140,8403220,50,2994526,90,5408694
200 hp,2011,11,98,5474866,40,2275112,58,3199754
200 hp,2011,12,136,7356510,52,2992528,84,4363982
200 hp,2012,1,72,3852128,24,1432646,48,2419482
200 hp,2012,2,94,4997302,20,1160458,74,3836844
200 hp,2012,3,90,4572338,22,1220026,68,3352312
200 hp,2012,4,122,7172232,40,2366694,82,4805538
200 hp,2012,5,114,6550246,24,1358426,90,5191820
200 hp,2012,6,138,7947044,46,2598584,92,5348460
200 hp,2012,7,82,4924616,22,1361286,60,3563330
200 hp,2012,8,92,4960914,34,1960116,58,3000798
200 hp,2012,9,128,6919632,40,2306572,88,4613060
200 hp,2012,10,122,7176638,32,1956740,90,5219898
200 hp,2012,11,118,7044790,42,2615268,76,4429522
200 hp,2012,12,158,9961630,58,3512100,100,6449530
200 hp,2013,1,84,4602536,24,1321590,60,3280946
200 hp,2013,2,114,6085094,34,1984282,80,4100812
200 hp,2013,3,168,8727594,46,2836376,122,5891218
200 hp,2013,4,120,6716606,42,2611078,78,4105528
200 hp,2013,5,134,7599226,48,3218934,86,4380292
200 hp,2013,6,122,6821956,50,3026358,72,3795598
200 hp,2013,7,90,4900274,20,1255136,70,3645138
200 hp,2013,8,128,7248310,50,2793578,78,4454732
200 hp,2013,9,94,5059236,38,2268500,56,2790736
200 hp,2013,10,100,5304648,16,943614,84,4361034
200 hp,2013,11,130,7223972,30,1936670,100,5287302
200 hp,2013,12,192,10877232,82,4922900,110,5954332
200 hp,2014,1,86,4708110,22,1296438,64,3411672
200 hp,2014,2,96,5561206,30,1948348,66,3612858
200 hp,2014,3,98,5465090,20,1064398,78,4400692
200 hp,2014,4,82,4998256,26,1402914,56,3595342
200 hp,2014,5,90,5304034,22,1274547.2,68,4029486.8
200 hp,2014,6,118,6364976,24,1384035.16,94,4980940.84
200 hp,2014,7,,,,,,
200 hp,2014,8,,,,,,
200 hp,2014,9,,,,,,
200 hp,2014,10,,,,,,
200 hp,2014,11,,,,,,
200 hp,2014,12,,,,,,
25 hp,2009,1,258,2667756,58,623730,200,2044026
25 hp,2009,2,256,2474360,58,567570,198,1906790
25 hp,2009,3,248,2360076,44,429842,204,1930234
25 hp,2009,4,206,1885504,58,566652,148,1318852
25 hp,2009,5,198,1984324,64,701406,134,1282918
25 hp,2009,6,224,2117530,64,568466,160,1549064
25 hp,2009,7,202,1832690,60,547706,142,1284984
25 hp,2009,8,188,1739934,38,351244,150,1388690
25 hp,2009,9,248,2266388,86,771214,162,1495174
25 hp,2009,10,216,2163822,70,663040,146,1500782
25 hp,2009,11,288,2669900,98,922138,190,1747762
25 hp,2009,12,248,2307266,80,726808,168,1580458
25 hp,2010,1,218,2022848,36,315670,182,1707178
25 hp,2010,2,218,2060896,44,399162,174,1661734
25 hp,2010,3,314,3020548,60,545808,254,2474740
25 hp,2010,4,252,2458278,80,779664,172,1678614
25 hp,2010,5,208,2060964,46,507038,162,1553926
25 hp,2010,6,338,3350054,82,841534,256,2508520
25 hp,2010,7,322,3107056,76,769178,246,2337878
25 hp,2010,8,296,2994438,72,748776,224,2245662
25 hp,2010,9,326,3188664,68,685218,258,2503446
25 hp,2010,10,280,2829892,68,697666,212,2132226
25 hp,2010,11,324,3105698,62,604270,262,2501428
25 hp,2010,12,400,3966102,76,809760,324,3156342
25 hp,2011,1,264,2662938,52,567012,212,2095926
25 hp,2011,2,254,2514630,56,586600,198,1928030
25 hp,2011,3,322,3149534,62,651686,260,2497848
25 hp,2011,4,274,2814648,42,484450,232,2330198
25 hp,2011,5,282,2827828,58,594748,224,2233080
25 hp,2011,6,370,3805998,108,1155624,262,2650374
25 hp,2011,7,260,2642342,52,546606,208,2095736
25 hp,2011,8,348,3651572,70,795626,278,2855946
25 hp,2011,9,324,3274744,60,668334,264,2606410
25 hp,2011,10,324,3399016,58,678062,266,2720954
25 hp,2011,11,334,3484500,62,636204,272,2848296
25 hp,2011,12,364,3651994,68,693404,296,2958590
25 hp,2012,1,306,3117152,66,642628,240,2474524
25 hp,2012,2,336,3340172,68,634394,268,2705778
25 hp,2012,3,358,3645060,56,532188,302,3112872
25 hp,2012,4,320,3245340,60,593762,260,2651578
25 hp,2012,5,436,4577838,70,840778,366,3737060
25 hp,2012,6,324,3397634,58,638246,266,2759388
25 hp,2012,7,382,3978576,82,937860,300,3040716
25 hp,2012,8,380,4042242,94,1035966,286,3006276
25 hp,2012,9,344,3675406,72,768198,272,2907208
25 hp,2012,10,400,4523538,76,974082,324,3549456
25 hp,2012,11,338,3625474,76,858370,262,2767104
25 hp,2012,12,328,3532594,68,759158,260,2773436
25 hp,2013,1,300,3307816,72,824518,228,2483298
25 hp,2013,2,356,3860112,88,987874,268,2872238
25 hp,2013,3,374,3860714,64,677668,310,3183046
25 hp,2013,4,312,3366932,70,799490,242,2567442
25 hp,2013,5,358,3898880,68,763306,290,3135574
25 hp,2013,6,384,4020244,90,1073556,294,2946688
25 hp,2013,7,314,3349924,56,651548,258,2698376
25 hp,2013,8,330,3712798,70,828724,260,2884074
25 hp,2013,9,330,3419562,66,633172,264,2786390
25 hp,2013,10,310,3476882,48,529346,262,2947536
25 hp,2013,11,298,3251422,72,820660,226,2430762
25 hp,2013,12,332,3703486,86,997538,246,2705948
25 hp,2014,1,322,3524724,72,852948,250,2671776
25 hp,2014,2,358,3996552,80,947012,278,3049540
25 hp,2014,3,376,4297172,80,954456,296,3342716
25 hp,2014,4,358,3914646,86,1024782,272,2889864
25 hp,2014,5,372,4024696,86,1013152,286,3011544
25 hp,2014,6,432,4938978,86,1006932.54,346,3932045.46
25 hp,2014,7,,,,,,
25 hp,2014,8,,,,,,
25 hp,2014,9,,,,,,
25 hp,2014,10,,,,,,
25 hp,2014,11,,,,,,
25 hp,2014,12,,,,,,
250 hp,2009,1,12,865758,4,266270,8,599488
250 hp,2009,2,12,877632,2,130280,10,747352
250 hp,2009,3,28,1785206,8,527328,20,1257878
250 hp,2009,4,8,544184,4,270772,4,273412
250 hp,2009,5,22,1298924,24,1599676,-2,-300752
250 hp,2009,6,20,1295706,4,296834,16,998872
250 hp,2009,7,16,1119844,8,694298,8,425546
250 hp,2009,8,22,1456304,4,322598,18,1133706
250 hp,2009,9,24,1560864,6,294338,18,1266526
250 hp,2009,10,10,538924,4,230856,6,308068
250 hp,2009,11,16,1064410,2,163142,14,901268
250 hp,2009,12,10,652048,4,218470,6,433578
250 hp,2010,1,10,660332,2,110978,8,549354
250 hp,2010,2,16,924140,0,0,16,924140
250 hp,2010,3,16,924140,4,300798,12,623342
250 hp,2010,4,10,682276,0,0,10,682276
250 hp,2010,5,10,682276,10,849192,0,-166916
250 hp,2010,6,14,784202,2,169270,12,614932
250 hp,2010,7,14,784202,4,264602,10,519600
250 hp,2010,8,24,1451246,18,978662,6,472584
250 hp,2010,9,24,1436644,6,428110,18,1008534
250 hp,2010,10,36,2294710,6,401894,30,1892816
250 hp,2010,11,20,1357052,10,778838,10,578214
250 hp,2010,12,22,1611720,8,746994,14,864726
250 hp,2011,1,20,1321278,2,184548,18,1136730
250 hp,2011,2,18,1081254,4,253980,14,827274
250 hp,2011,3,26,1751052,4,360340,22,1390712
250 hp,2011,4,30,1938756,4,258840,26,1679916
250 hp,2011,5,30,1938756,10,707448,20,1231308
250 hp,2011,6,30,1938756,6,479822,24,1458934
250 hp,2011,7,46,2870990,22,1448066,24,1422924
250 hp,2011,8,30,1998068,4,313278,26,1684790
250 hp,2011,9,38,2552496,6,447310,32,2105186
250 hp,2011,10,20,1223738,2,156830,18,1066908
250 hp,2011,11,24,1520296,2,118330,22,1401966
250 hp,2011,12,38,2408308,4,326124,34,2082184
250 hp,2012,1,8,551880,0,0,8,551880
250 hp,2012,2,38,2659978,12,929848,26,1730130
250 hp,2012,3,22,1560354,8,565488,14,994866
250 hp,2012,4,22,1273960,4,284320,18,989640
250 hp,2012,5,40,2804248,8,653596,32,2150652
250 hp,2012,6,32,2050532,4,347660,28,1702872
250 hp,2012,7,44,3122644,6,434244,38,2688400
250 hp,2012,8,46,3151490,14,1052376,32,2099114
250 hp,2012,9,30,2166202,4,354524,26,1811678
250 hp,2012,10,36,2747484,14,1109960,22,1637524
250 hp,2012,11,46,3035188,8,624376,38,2410812
250 hp,2012,12,64,4631090,16,1369102,48,3261988
250 hp,2013,1,30,2251842,4,369096,26,1882746
250 hp,2013,2,28,1926996,2,189356,26,1737640
250 hp,2013,3,60,3925006,8,597294,52,3327712
250 hp,2013,4,40,2800040,4,262612,36,2537428
250 hp,2013,5,32,2431862,16,1145426,16,1286436
250 hp,2013,6,52,3752008,22,1800188,30,1951820
250 hp,2013,7,30,2065154,14,1008120,16,1057034
250 hp,2013,8,36,2317462,4,331892,32,1985570
250 hp,2013,9,14,928506,4,272972,10,655534
250 hp,2013,10,26,1869908,2,189356,24,1680552
250 hp,2013,11,30,2114850,8,606272,22,1508578
250 hp,2013,12,38,2800620,12,964528,26,1836092
250 hp,2014,1,10,757376,10,801410,5,356671
250 hp,2014,2,14,1040895,10,877242,9,602274
250 hp,2014,3,23,1898825,18,1837576,14,980037
250 hp,2014,4,21,1550112,8,665086,17,1217569
250 hp,2014,5,13,1102747,10,786417.8,8,709538.1
250 hp,2014,6,24,1705801,8,633454.46,20,1389073.77
250 hp,2014,7,,,,,,
250 hp,2014,8,,,,,,
250 hp,2014,9,,,,,,
250 hp,2014,10,,,,,,
250 hp,2014,11,,,,,,
250 hp,2014,12,,,,,,
30 hp,2009,1,240,2541816,58,613000,182,1928816
30 hp,2009,2,246,2413114,58,586576,188,1826538
30 hp,2009,3,330,3250028,50,574916,280,2675112
30 hp,2009,4,200,2110768,66,727244,134,1383524
30 hp,2009,5,256,2641148,54,592342,202,2048806
30 hp,2009,6,234,2449266,60,649650,174,1799616
30 hp,2009,7,222,2286254,62,602916,160,1683338
30 hp,2009,8,222,2222190,72,682108,150,1540082
30 hp,2009,9,244,2311760,62,696366,182,1615394
30 hp,2009,10,236,2485380,56,587878,180,1897502
30 hp,2009,11,226,2324176,62,644420,164,1679756
30 hp,2009,12,284,2977404,76,797262,208,2180142
30 hp,2010,1,242,2490586,76,778550,166,1712036
30 hp,2010,2,224,2267172,48,524290,176,1742882
30 hp,2010,3,316,3269830,44,456452,272,2813378
30 hp,2010,4,232,2562554,68,781618,164,1780936
30 hp,2010,5,246,2676522,48,549124,198,2127398
30 hp,2010,6,274,3025456,46,555110,228,2470346
30 hp,2010,7,238,2484498,64,695078,174,1789420
30 hp,2010,8,300,3226152,78,927380,222,2298772
30 hp,2010,9,314,3409964,72,803036,242,2606928
30 hp,2010,10,262,2662126,68,731348,194,1930778
30 hp,2010,11,368,3937654,68,760844,300,3176810
30 hp,2010,12,340,3581326,96,1045804,244,2535522
30 hp,2011,1,308,3171176,48,559692,260,2611484
30 hp,2011,2,310,3280642,36,411474,274,2869168
30 hp,2011,3,384,4203384,102,1169682,282,3033702
30 hp,2011,4,298,3266492,52,628338,246,2638154
30 hp,2011,5,400,4500552,66,791696,334,3708856
30 hp,2011,6,376,4187810,86,993252,290,3194558
30 hp,2011,7,336,3648954,88,954954,248,2694000
30 hp,2011,8,404,4479970,78,969150,326,3510820
30 hp,2011,9,426,4649932,74,827842,352,3822090
30 hp,2011,10,384,4516766,108,1425364,276,3091402
30 hp,2011,11,340,3805912,94,1042032,246,2763880
30 hp,2011,12,550,5995544,120,1290682,430,4704862
30 hp,2012,1,382,4261104,74,819550,308,3441554
30 hp,2012,2,374,3989752,78,781202,296,3208550
30 hp,2012,3,472,5115198,84,927710,388,4187488
30 hp,2012,4,384,4335284,82,920374,302,3414910
30 hp,2012,5,416,4761198,88,1137154,328,3624044
30 hp,2012,6,392,4488116,52,654826,340,3833290
30 hp,2012,7,414,5028076,84,1073832,330,3954244
30 hp,2012,8,382,4133900,72,864698,310,3269202
30 hp,2012,9,406,4560536,78,956004,328,3604532
30 hp,2012,10,444,5094654,88,1108952,356,3985702
30 hp,2012,11,352,3991942,64,783406,288,3208536
30 hp,2012,12,420,4904256,94,1149158,326,3755098
30 hp,2013,1,442,5208800,56,718590,386,4490210
30 hp,2013,2,374,4194476,98,1174358,276,3020118
30 hp,2013,3,404,4532634,76,930372,328,3602262
30 hp,2013,4,416,4911718,60,768986,356,4142732
30 hp,2013,5,362,4177564,72,905710,290,3271854
30 hp,2013,6,448,5172066,96,1274352,352,3897714
30 hp,2013,7,464,5309746,92,1187634,372,4122112
30 hp,2013,8,402,4795204,74,972290,328,3822914
30 hp,2013,9,438,4908738,94,1055946,344,3852792
30 hp,2013,10,370,4424822,56,733470,314,3691352
30 hp,2013,11,414,4909172,90,1136896,324,3772276
30 hp,2013,12,460,5198094,96,1225350,364,3972744
30 hp,2014,1,354,4296688,74,980716,280,3315972
30 hp,2014,2,480,5429578,64,803284,416,4626294
30 hp,2014,3,512,6321582,68,848830,444,5472752
30 hp,2014,4,454,5383004,88,1144390,366,4238614
30 hp,2014,5,464,5609424,110,1506363.8,354,4103060.2
30 hp,2014,6,494,5867222,72,920266.22,422,4946955.78
30 hp,2014,7,,,,,,
30 hp,2014,8,,,,,,
30 hp,2014,9,,,,,,
30 hp,2014,10,,,,,,
30 hp,2014,11,,,,,,
30 hp,2014,12,,,,,,
300 hp,2009,1,24,1684020,4,287690,20,1396330
300 hp,2009,2,20,1468146,4,234968,16,1233178
300 hp,2009,3,22,2827562,8,607994,14,2219568
300 hp,2009,4,32,2747906,18,1353762,14,1394144
300 hp,2009,5,28,1972052,12,964416,16,1007636
300 hp,2009,6,28,2907154,0,0,28,2907154
300 hp,2009,7,14,1084276,14,1112582,0,-28306
300 hp,2009,8,16,998272,4,358672,12,639600
300 hp,2009,9,14,969600,2,216600,12,753000
300 hp,2009,10,12,928516,10,734544,2,193972
300 hp,2009,11,12,928514,4,349596,8,578918
300 hp,2009,12,32,2350176,4,299936,28,2050240
300 hp,2010,1,8,486276,0,0,8,486276
300 hp,2010,2,10,665206,0,0,10,665206
300 hp,2010,3,10,665206,2,148108,8,517098
300 hp,2010,4,18,1410856,6,520148,12,890708
300 hp,2010,5,18,1410856,4,310178,14,1100678
300 hp,2010,6,18,1410856,6,391974,12,1018882
300 hp,2010,7,30,2094914,16,1002160,14,1092754
300 hp,2010,8,12,866166,4,352428,8,513738
300 hp,2010,9,8,586882,4,339572,4,247310
300 hp,2010,10,30,2283692,2,204732,28,2078960
300 hp,2010,11,28,2396258,12,976080,16,1420178
300 hp,2010,12,38,2800024,14,863602,24,1936422
300 hp,2011,1,22,1946092,2,168904,20,1777188
300 hp,2011,2,30,2029506,0,0,30,2029506
300 hp,2011,3,30,2029506,6,495280,24,1534226
300 hp,2011,4,28,2048618,12,930990,16,1117628
300 hp,2011,5,46,3596236,16,1321012,30,2275224
300 hp,2011,6,46,3528992,18,1414578,28,2114414
300 hp,2011,7,54,3740054,14,999122,40,2740932
300 hp,2011,8,58,3550018,10,850216,48,2699802
300 hp,2011,9,30,2606666,16,1452798,14,1153868
300 hp,2011,10,58,4055426,30,1972086,28,2083340
300 hp,2011,11,16,1200572,4,345846,12,854726
300 hp,2011,12,34,3184410,8,659932,26,2524478
300 hp,2012,1,16,1245630,2,204732,14,1040898
300 hp,2012,2,26,2847760,4,360124,22,2487636
300 hp,2012,3,28,3274370,4,325712,24,2948658
300 hp,2012,4,18,1438204,8,708932,10,729272
300 hp,2012,5,22,1951588,8,749764,14,1201824
300 hp,2012,6,30,2848794,2,204732,28,2644062
300 hp,2012,7,14,1398468,6,564378,8,834090
300 hp,2012,8,38,2794174,8,792350,30,2001824
300 hp,2012,9,42,3152258,14,1263808,28,1888450
300 hp,2012,10,56,4550366,26,2111654,30,2438712
300 hp,2012,11,34,2681844,8,726002,26,1955842
300 hp,2012,12,42,4032600,14,1602518,28,2430082
300 hp,2013,1,22,1777180,10,939492,12,837688
300 hp,2013,2,38,2891726,12,939902,26,1951824
300 hp,2013,3,22,1800886,4,291536,18,1509350
300 hp,2013,4,30,2437936,10,968348,20,1469588
300 hp,2013,5,32,2534740,12,937350,20,1597390
300 hp,2013,6,48,3803834,14,1288916,34,2514918
300 hp,2013,7,34,2761482,10,825006,24,1936476
300 hp,2013,8,38,2996718,10,917472,28,2079246
300 hp,2013,9,54,4945490,10,976024,44,3969466
300 hp,2013,10,42,3211806,10,768662,32,2443144
300 hp,2013,11,40,3331634,16,1508296,24,1823338
300 hp,2013,12,62,4903578,18,1693972,44,3209606
300 hp,2014,1,18,1348435,,,,
300 hp,2014,2,9,674218,10,947566,4,200435
300 hp,2014,3,20,1955293,8,819802,16,1545392
300 hp,2014,4,10,766866,8,726860,6,403436
300 hp,2014,5,22,1857342,20,1957173,12,878755.5
300 hp,2014,6,19,1740760,8,679558.524,15,1400980.738
300 hp,2014,7,,,,,,
300 hp,2014,8,,,,,,
300 hp,2014,9,,,,,,
300 hp,2014,10,,,,,,
300 hp,2014,11,,,,,,
300 hp,2014,12,,,,,,
350 hp,2009,1,12,1074856,4,349738,8,725118
350 hp,2009,2,12,1084156,0,0,12,1084156
350 hp,2009,3,12,1084154,0,0,12,1084154
350 hp,2009,4,22,1808388,10,1001342,12,807046
350 hp,2009,5,12,888336,6,522730,6,365606
350 hp,2009,6,10,925128,0,0,10,925128
350 hp,2009,7,6,486920,4,442368,2,44552
350 hp,2009,8,4,442180,0,0,4,442180
350 hp,2009,9,8,603162,0,0,8,603162
350 hp,2009,10,4,495842,0,0,4,495842
350 hp,2009,11,6,513726,0,0,6,513726
350 hp,2009,12,6,516408,2,148104,4,368304
350 hp,2010,1,6,508658,0,0,6,508658
350 hp,2010,2,6,512932,2,188218,4,324714
350 hp,2010,3,16,3142206,0,0,16,3142206
350 hp,2010,4,0,0,0,0,0,0
350 hp,2010,5,2,902336,0,0,2,902336
350 hp,2010,6,0,0,0,0,0,0
350 hp,2010,7,16,1353504,0,0,16,1353504
350 hp,2010,8,10,746076,0,0,10,746076
350 hp,2010,9,10,746076,0,0,10,746076
350 hp,2010,10,6,520998,0,0,6,520998
350 hp,2010,11,6,520998,2,188800,4,332198
350 hp,2010,12,6,520998,4,422754,2,98244
350 hp,2011,1,4,322368,0,0,4,322368
350 hp,2011,2,4,322366,0,0,4,322366
350 hp,2011,3,16,1270758,0,0,16,1270758
350 hp,2011,4,14,1231336,4,372464,10,858872
350 hp,2011,5,6,525978,2,213958,4,312020
350 hp,2011,6,10,1058328,6,726180,4,332148
350 hp,2011,7,10,1058326,0,0,10,1058326
350 hp,2011,8,20,1860624,0,0,20,1860624
350 hp,2011,9,20,1860624,0,0,20,1860624
350 hp,2011,10,20,1860624,4,427652,16,1432972
350 hp,2011,11,20,1860624,4,413632,16,1446992
350 hp,2011,12,20,1860624,4,413632,16,1446992
350 hp,2012,1,12,1174048,0,0,12,1174048
350 hp,2012,2,12,1174048,0,0,12,1174048
350 hp,2012,3,12,1174048,0,0,12,1174048
350 hp,2012,4,12,1174048,0,0,12,1174048
350 hp,2012,5,18,1851466,4,432960,14,1418506
350 hp,2012,6,16,1458472,2,187178,14,1271294
350 hp,2012,7,16,1458472,0,0,16,1458472
350 hp,2012,8,16,1458472,2,195288,14,1263184
350 hp,2012,9,16,1458472,2,211972,14,1246500
350 hp,2012,10,16,1458472,2,195140,14,1263332
350 hp,2012,11,16,1458472,2,220282,14,1238190
350 hp,2012,12,16,1458472,6,644328,10,814144
350 hp,2013,1,10,1040208,2,302832,8,737376
350 hp,2013,2,16,1352038,4,409996,12,942042
350 hp,2013,3,14,1269170,0,0,14,1269170
350 hp,2013,4,14,1288098,2,235036,12,1053062
350 hp,2013,5,12,1220110,0,0,12,1220110
350 hp,2013,6,14,1460962,0,0,14,1460962
350 hp,2013,7,14,1564850,0,0,14,1564850
350 hp,2013,8,8,962170,0,0,8,962170
350 hp,2013,9,14,1403758,2,219304,12,1184454
350 hp,2013,10,10,1198252,0,0,10,1198252
350 hp,2013,11,14,1531742,0,0,14,1531742
350 hp,2013,12,6,610032,0,0,6,610032
350 hp,2014,1,6,699924.6667,2,271064,4,428860.6667
350 hp,2014,2,12,1399849.3334,0,0,0,0
350 hp,2014,3,14,1399850,0,0,0,0
350 hp,2014,4,,,0,0,,
350 hp,2014,5,,,4,619507.2,,
350 hp,2014,6,,,2,204015.78,,
350 hp,2014,7,,,,,,
350 hp,2014,8,,,,,,
350 hp,2014,9,,,,,,
350 hp,2014,10,,,,,,
350 hp,2014,11,,,,,,
350 hp,2014,12,,,,,,
40 hp,2009,1,140,1809978,36,443118,104,1366860
40 hp,2009,2,136,1749486,36,423742,100,1325744
40 hp,2009,3,140,1959182,54,688652,86,1270530
40 hp,2009,4,106,1333934,24,303300,82,1030634
40 hp,2009,5,92,1165082,22,263222,70,901860
40 hp,2009,6,166,2134130,46,524732,120,1609398
40 hp,2009,7,118,1574460,34,419624,84,1154836
40 hp,2009,8,118,1532764,28,358076,90,1174688
40 hp,2009,9,128,1716266,28,304086,100,1412180
40 hp,2009,10,132,1711432,30,375028,102,1336404
40 hp,2009,11,146,1900828,34,409730,112,1491098
40 hp,2009,12,180,2388430,46,531632,134,1856798
40 hp,2010,1,132,1714318,32,372770,100,1341548
40 hp,2010,2,154,1932432,46,554354,108,1378078
40 hp,2010,3,190,2445340,66,782004,124,1663336
40 hp,2010,4,192,2481558,68,795492,124,1686066
40 hp,2010,5,182,2477878,60,818418,122,1659460
40 hp,2010,6,180,2480304,64,772450,116,1707854
40 hp,2010,7,178,2307242,58,718720,120,1588522
40 hp,2010,8,188,2603648,54,708694,134,1894954
40 hp,2010,9,170,2355612,42,566120,128,1789492
40 hp,2010,10,160,2214870,34,413392,126,1801478
40 hp,2010,11,228,3083842,58,748464,170,2335378
40 hp,2010,12,206,2874842,66,898562,140,1976280
40 hp,2011,1,186,2442490,38,477802,148,1964688
40 hp,2011,2,160,2214074,58,767332,102,1446742
40 hp,2011,3,210,2929940,68,960788,142,1969152
40 hp,2011,4,158,2112098,38,491774,120,1620324
40 hp,2011,5,222,3032686,50,714700,172,2317986
40 hp,2011,6,232,3280832,56,786150,176,2494682
40 hp,2011,7,212,3175234,54,757598,158,2417636
40 hp,2011,8,236,3366576,42,535396,194,2831180
40 hp,2011,9,216,2947672,64,891698,152,2055974
40 hp,2011,10,248,3648716,76,1022824,172,2625892
40 hp,2011,11,226,3208338,48,678538,178,2529800
40 hp,2011,12,254,3595800,60,820364,194,2775436
40 hp,2012,1,252,3802266,40,588458,212,3213808
40 hp,2012,2,234,3390712,30,398782,204,2991930
40 hp,2012,3,238,3289168,64,836416,174,2452752
40 hp,2012,4,216,2993454,50,674116,166,2319338
40 hp,2012,5,214,3115912,52,706830,162,2409082
40 hp,2012,6,234,3225192,48,603486,186,2621706
40 hp,2012,7,182,2725016,56,783030,126,1941986
40 hp,2012,8,292,4257640,66,906388,226,3351252
40 hp,2012,9,230,3552658,54,796678,176,2755980
40 hp,2012,10,222,3292832,48,666790,174,2626042
40 hp,2012,11,210,3015286,50,715978,160,2299308
40 hp,2012,12,246,3839174,74,1046678,172,2792496
40 hp,2013,1,192,3058688,30,431040,162,2627648
40 hp,2013,2,202,3034472,66,982740,136,2051732
40 hp,2013,3,224,3306558,46,613778,178,2692780
40 hp,2013,4,222,3341770,46,701688,176,2640082
40 hp,2013,5,230,3358500,42,599264,188,2759236
40 hp,2013,6,200,2844776,52,737902,148,2106874
40 hp,2013,7,186,2649342,38,522856,148,2126486
40 hp,2013,8,266,4004148,52,727772,214,3276376
40 hp,2013,9,238,3421700,50,617282,188,2804418
40 hp,2013,10,224,3364024,54,783376,170,2580648
40 hp,2013,11,200,3082064,40,549410,160,2532654
40 hp,2013,12,310,4605226,76,1155866,234,3449360
40 hp,2014,1,162,2395812,30,433004,132,1962808
40 hp,2014,2,284,4202494,100,1436290,184,2766204
40 hp,2014,3,278,4084912,56,845186,222,3239726
40 hp,2014,4,300,4565452,74,1088548,226,3476904
40 hp,2014,5,264,4015042,78,1098561.6,186,2916480.4
40 hp,2014,6,298,4390556,54,819884.52,244,3570671.48
40 hp,2014,7,,,,,,
40 hp,2014,8,,,,,,
40 hp,2014,9,,,,,,
40 hp,2014,10,,,,,,
40 hp,2014,11,,,,,,
40 hp,2014,12,,,,,,
400 & larger,2009,1,20,2267380,6,596096,14,1671284
400 & larger,2009,2,18,2257158,2,194200,16,2062958
400 & larger,2009,3,20,2422034,24,2805900,-4,-383866
400 & larger,2009,4,18,2267380,0,0,18,2267380
400 & larger,2009,5,26,3469528,4,432936,22,3036592
400 & larger,2009,6,26,3445436,6,607290,20,2838146
400 & larger,2009,7,0,0,0,0,0,0
400 & larger,2009,8,8,825676,4,455202,4,370474
400 & larger,2009,9,12,1440382,12,1440414,0,-32
400 & larger,2009,10,6,751570,0,0,6,751570
400 & larger,2009,11,8,933622,4,340370,4,593252
400 & larger,2009,12,10,1124720,6,687114,4,437606
400 & larger,2010,1,8,1297206,0,0,8,1297206
400 & larger,2010,2,8,1297206,4,354204,4,943002
400 & larger,2010,3,24,1297206,6,646580,18,650626
400 & larger,2010,4,8,1297206,0,0,8,1297206
400 & larger,2010,5,12,832386,0,0,12,832386
400 & larger,2010,6,8,832386,0,0,8,832386
400 & larger,2010,7,8,832386,0,0,8,832386
400 & larger,2010,8,8,832386,0,0,8,832386
400 & larger,2010,9,8,832386,2,241394,6,590992
400 & larger,2010,10,14,1816354,4,415456,10,1400898
400 & larger,2010,11,14,1816354,2,208204,12,1608150
400 & larger,2010,12,14,1816354,0,0,14,1816354
400 & larger,2011,1,10,1158120,2,246024,8,912096
400 & larger,2011,2,10,1158118,4,411144,6,746974
400 & larger,2011,3,10,1158120,12,1278552,-2,-120432
400 & larger,2011,4,12,1420072,0,0,12,1420072
400 & larger,2011,5,12,1420072,0,0,12,1420072
400 & larger,2011,6,12,1420072,6,593952,6,826120
400 & larger,2011,7,12,1420072,6,637948,6,782124
400 & larger,2011,8,12,1937602,0,0,12,1937602
400 & larger,2011,9,12,1937602,2,184500,10,1753102
400 & larger,2011,10,12,1937602,8,2390048,4,-452446
400 & larger,2011,11,12,1937602,10,1098280,2,839322
400 & larger,2011,12,12,1937602,2,212650,10,1724952
400 & larger,2012,1,16,1987926,10,1063248,6,924678
400 & larger,2012,2,16,1987926,18,1739330,-2,248596
400 & larger,2012,3,16,1987926,8,924442,8,1063484
400 & larger,2012,4,16,1987926,0,0,16,1987926
400 & larger,2012,5,22,2633754,8,898348,14,1735406
400 & larger,2012,6,12,1661448,2,262502,10,1398946
400 & larger,2012,7,12,1661448,2,300210,10,1361238
400 & larger,2012,8,12,1661448,2,409112,10,1252336
400 & larger,2012,9,12,1661448,4,814454,8,846994
400 & larger,2012,10,12,1661448,2,262502,10,1398946
400 & larger,2012,11,12,1661448,2,258146,10,1403302
400 & larger,2012,12,12,1661448,0,0,12,1661448
400 & larger,2013,1,8,1380486,4,997376,4,383110
400 & larger,2013,2,12,1481038,6,669894,6,811144
400 & larger,2013,3,10,1113670,0,0,10,1113670
400 & larger,2013,4,10,1289576,4,461170,6,828406
400 & larger,2013,5,8,1336524,8,1128908,0,207616
400 & larger,2013,6,14,1600358,2,261040,12,1339318
400 & larger,2013,7,12,1714156,0,0,12,1714156
400 & larger,2013,8,8,1053974,4,669242,4,384732
400 & larger,2013,9,12,1537696,2,121698,10,1415998
400 & larger,2013,10,10,1312582,0,0,10,1312582
400 & larger,2013,11,12,1677888,6,620104,6,1057784
400 & larger,2013,12,6,668238,0,0,6,668238
400 & larger,2014,1,8,1077474,2,253742,2,284995
400 & larger,2014,2,8,1077474,0,0,0,0
400 & larger,2014,3,4,538737,2,213142,3,432166
400 & larger,2014,4,,,0,0,,
400 & larger,2014,5,,,6,773488.2,,
400 & larger,2014,6,,,8,1082220.2,,
400 & larger,2014,7,,,,,,
400 & larger,2014,8,,,,,,
400 & larger,2014,9,,,,,,
400 & larger,2014,10,,,,,,
400 & larger,2014,11,,,,,,
400 & larger,2014,12,,,,,,
5 hp & less,2009,1,140,542990,26,93148,114,449842
5 hp & less,2009,2,102,401492,24,93490,78,308002
5 hp & less,2009,3,232,836282,22,76084,210,760198
5 hp & less,2009,4,192,943228,36,151758,156,791470
5 hp & less,2009,5,154,622694,26,116034,128,506660
5 hp & less,2009,6,224,718588,30,110670,194,607918
5 hp & less,2009,7,152,591528,18,59462,134,532066
5 hp & less,2009,8,202,837792,32,115922,170,721870
5 hp & less,2009,9,184,646922,42,173862,142,473060
5 hp & less,2009,10,142,488408,36,128550,106,359858
5 hp & less,2009,11,176,627472,24,92286,152,535186
5 hp & less,2009,12,290,889962,48,173732,242,716230
5 hp & less,2010,1,136,556440,28,113740,108,442700
5 hp & less,2010,2,224,704984,34,133540,190,571444
5 hp & less,2010,3,256,922910,32,128104,224,794806
5 hp & less,2010,4,306,862602,26,97864,280,764738
5 hp & less,2010,5,278,814228,60,242164,218,572064
5 hp & less,2010,6,326,973190,40,168996,286,804194
5 hp & less,2010,7,254,803096,22,84848,232,718248
5 hp & less,2010,8,232,817390,30,113688,202,703702
5 hp & less,2010,9,228,805380,38,155666,190,649714
5 hp & less,2010,10,256,943438,50,209928,206,733510
5 hp & less,2010,11,320,955102,28,109438,292,845664
5 hp & less,2010,12,334,1021322,52,201000,282,820322
5 hp & less,2011,1,204,781908,46,187192,158,594716
5 hp & less,2011,2,232,739948,28,115932,204,624016
5 hp & less,2011,3,258,930138,48,192916,210,737222
5 hp & less,2011,4,204,693354,46,192916,158,500438
5 hp & less,2011,5,336,1023134,34,133114,302,890020
5 hp & less,2011,6,348,1128576,48,198736,300,929840
5 hp & less,2011,7,226,759570,36,129000,190,630570
5 hp & less,2011,8,352,971112,22,80502,330,890610
5 hp & less,2011,9,250,863378,52,189604,198,673774
5 hp & less,2011,10,240,895076,48,175172,192,719904
5 hp & less,2011,11,204,778776,38,141830,166,636946
5 hp & less,2011,12,296,1071192,38,137866,258,933326
5 hp & less,2012,1,276,922550,32,108380,244,814170
5 hp & less,2012,2,220,822226,40,156688,180,665538
5 hp & less,2012,3,268,946344,36,127422,232,818922
5 hp & less,2012,4,338,1040088,50,181178,288,858910
5 hp & less,2012,5,276,1011020,42,169520,234,841500
5 hp & less,2012,6,308,1094158,62,242336,246,851822
5 hp & less,2012,7,162,661542,30,117050,132,544492
5 hp & less,2012,8,268,1003748,46,174886,222,828862
5 hp & less,2012,9,298,1101838,54,238080,244,863758
5 hp & less,2012,10,282,1116236,50,210790,232,905446
5 hp & less,2012,11,330,1218682,76,292918,254,925764
5 hp & less,2012,12,350,1411794,40,157328,310,1254466
5 hp & less,2013,1,230,925568,38,156788,192,768780
5 hp & less,2013,2,186,792164,44,165504,142,626660
5 hp & less,2013,3,224,934696,40,156510,184,778186
5 hp & less,2013,4,336,1249642,54,202886,282,1046756
5 hp & less,2013,5,350,1235694,42,166652,308,1069042
5 hp & less,2013,6,344,1199750,52,198590,292,1001160
5 hp & less,2013,7,288,1155644,76,293490,212,862154
5 hp & less,2013,8,348,1092918,16,70326,332,1022592
5 hp & less,2013,9,340,1144064,44,150970,296,993094
5 hp & less,2013,10,356,1233688,52,210030,304,1023658
5 hp & less,2013,11,282,1050416,74,313190,208,737226
5 hp & less,2013,12,296,1198138,56,210728,240,987410
5 hp & less,2014,1,268,1082484,29,118118,105,423124
5 hp & less,2014,2,336,1245266,70,288254,266,957012
5 hp & less,2014,3,300,1146936,60,237664,240,909272
5 hp & less,2014,4,458,1464334,70,270520,388,1193814
5 hp & less,2014,5,376,1410180,66,279182.6,310,1130997.4
5 hp & less,2014,6,478,1489226,56,229518.86,422,1259707.14
5 hp & less,2014,7,,,,,,
5 hp & less,2014,8,,,,,,
5 hp & less,2014,9,,,,,,
5 hp & less,2014,10,,,,,,
5 hp & less,2014,11,,,,,,
5 hp & less,2014,12,,,,,,
50 hp,2009,1,254,3919802,44,551990,210,3367812
50 hp,2009,2,280,4617738,52,712264,228,3905474
50 hp,2009,3,256,3933052,56,742090,200,3190962
50 hp,2009,4,204,3075318,54,730098,150,2345220
50 hp,2009,5,182,2647176,44,580438,138,2066738
50 hp,2009,6,192,2964310,44,552770,148,2411540
50 hp,2009,7,150,2259956,30,382482,120,1877474
50 hp,2009,8,182,2767058,50,609688,132,2157370
50 hp,2009,9,204,3001366,38,489476,166,2511890
50 hp,2009,10,230,3249418,66,831090,164,2418328
50 hp,2009,11,300,4563970,54,794846,246,3769124
50 hp,2009,12,260,3948676,66,811738,194,3136938
50 hp,2010,1,258,3706320,62,792698,196,2913622
50 hp,2010,2,242,3668928,48,625126,194,3043802
50 hp,2010,3,312,4819784,78,1115556,234,3704228
50 hp,2010,4,258,3728810,56,714434,202,3014376
50 hp,2010,5,250,3663198,54,766072,196,2897126
50 hp,2010,6,262,3958512,54,673610,208,3284902
50 hp,2010,7,302,4450874,74,997092,228,3453782
50 hp,2010,8,332,5139688,92,1331882,240,3807806
50 hp,2010,9,398,6276814,92,1205316,306,5071498
50 hp,2010,10,306,4461952,50,710260,256,3751692
50 hp,2010,11,362,5597840,82,1103704,280,4494136
50 hp,2010,12,384,5882374,116,1560708,268,4321666
50 hp,2011,1,302,4548274,38,478356,264,4069918
50 hp,2011,2,302,4753918,62,863758,240,3890160
50 hp,2011,3,406,6518150,88,1285378,318,5232772
50 hp,2011,4,306,5194048,64,944776,242,4249272
50 hp,2011,5,356,6135070,72,1097874,284,5037196
50 hp,2011,6,370,6131964,102,1427012,268,4704952
50 hp,2011,7,346,5451130,74,1005558,272,4445572
50 hp,2011,8,366,5844584,84,1258978,282,4585606
50 hp,2011,9,358,5595192,72,1082584,286,4512608
50 hp,2011,10,362,5936086,68,989222,294,4946864
50 hp,2011,11,370,5937344,80,1122386,290,4814958
50 hp,2011,12,384,6391002,78,1149494,306,5241508
50 hp,2012,1,336,5687754,46,569284,290,5118470
50 hp,2012,2,370,6007770,50,623634,320,5384136
50 hp,2012,3,476,7804960,82,1090412,394,6714548
50 hp,2012,4,326,5451968,54,700008,272,4751960
50 hp,2012,5,384,6575804,56,889562,328,5686242
50 hp,2012,6,450,7357734,122,1765102,328,5592632
50 hp,2012,7,370,5972956,70,1009714,300,4963242
50 hp,2012,8,376,6084158,82,1116374,294,4967784
50 hp,2012,9,372,6081534,54,794114,318,5287420
50 hp,2012,10,368,6196544,82,1199434,286,4997110
50 hp,2012,11,404,6831908,94,1364836,310,5467072
50 hp,2012,12,414,6929066,70,1033880,344,5895186
50 hp,2013,1,380,6472808,76,1153892,304,5318916
50 hp,2013,2,344,5688872,92,1310192,252,4378680
50 hp,2013,3,354,5865186,66,978798,288,4886388
50 hp,2013,4,390,6573460,74,1210636,316,5362824
50 hp,2013,5,422,7134412,94,1508640,328,5625772
50 hp,2013,6,404,6559814,98,1508988,306,5050826
50 hp,2013,7,416,6902458,92,1564696,324,5337762
50 hp,2013,8,376,6238038,76,1217982,300,5020056
50 hp,2013,9,358,5877286,78,1163886,280,4713400
50 hp,2013,10,344,5846008,50,781240,294,5064768
50 hp,2013,11,334,5366044,62,849790,272,4516254
50 hp,2013,12,456,7902318,94,1527704,362,6374614
50 hp,2014,1,368,6415606,62,938512,306,5477094
50 hp,2014,2,454,7785862,114,1901480,340,5884382
50 hp,2014,3,416,7322804,64,968792,352,6354012
50 hp,2014,4,460,8570106,80,1303718,380,7266388
50 hp,2014,5,422,7545888,84,1385257.6,338,6160630.4
50 hp,2014,6,464,7776294,92,1525567.06,372,6250726.94
50 hp,2014,7,,,,,,
50 hp,2014,8,,,,,,
50 hp,2014,9,,,,,,
50 hp,2014,10,,,,,,
50 hp,2014,11,,,,,,
50 hp,2014,12,,,,,,
60 hp,2009,1,100,1901496,22,384884,78,1516612
60 hp,2009,2,76,1436594,24,452200,52,984394
60 hp,2009,3,80,1492730,12,219594,68,1273136
60 hp,2009,4,80,1896112,24,453960,56,1442152
60 hp,2009,5,72,1309250,28,506964,44,802286
60 hp,2009,6,90,1827938,10,208366,80,1619572
60 hp,2009,7,68,1245344,18,300068,50,945276
60 hp,2009,8,74,1290382,24,405538,50,884844
60 hp,2009,9,98,1796458,20,367070,78,1429388
60 hp,2009,10,80,1477672,12,221622,68,1256050
60 hp,2009,11,62,1056908,14,248240,48,808668
60 hp,2009,12,64,1229510,8,146546,56,1082964
60 hp,2010,1,48,975122,12,231924,36,743198
60 hp,2010,2,46,846112,6,109312,40,736800
60 hp,2010,3,94,1670172,34,558892,60,1111280
60 hp,2010,4,106,1972836,30,520840,76,1451996
60 hp,2010,5,82,1484862,24,412698,58,1072164
60 hp,2010,6,88,1578540,26,487064,62,1091476
60 hp,2010,7,78,1418784,30,524652,48,894132
60 hp,2010,8,88,1718468,24,439100,64,1279368
60 hp,2010,9,86,1571644,32,500400,54,1071244
60 hp,2010,10,84,1650918,30,499618,54,1151300
60 hp,2010,11,114,2166928,34,584888,80,1582040
60 hp,2010,12,108,1966348,40,710772,68,1255576
60 hp,2011,1,70,1278200,26,458688,44,819512
60 hp,2011,2,56,1039688,10,180402,46,859286
60 hp,2011,3,100,1913082,18,365154,82,1547928
60 hp,2011,4,80,1494780,24,439822,56,1054958
60 hp,2011,5,96,1824418,30,533066,66,1291352
60 hp,2011,6,106,2088762,22,389842,84,1698920
60 hp,2011,7,88,1716942,16,293772,72,1423170
60 hp,2011,8,120,2547566,14,274316,106,2273250
60 hp,2011,9,66,1321838,18,353852,48,967986
60 hp,2011,10,108,2114564,24,434392,84,1680172
60 hp,2011,11,122,2445116,22,438160,100,2006956
60 hp,2011,12,112,2399724,22,407912,90,1991812
60 hp,2012,1,64,1308158,6,109072,58,1199086
60 hp,2012,2,104,2207362,12,224258,92,1983104
60 hp,2012,3,112,2317074,20,362426,92,1954648
60 hp,2012,4,92,1707480,30,543902,62,1163578
60 hp,2012,5,108,2238784,18,356898,90,1881886
60 hp,2012,6,108,2208034,18,365356,90,1842678
60 hp,2012,7,100,2007490,10,177054,90,1830436
60 hp,2012,8,110,2207896,26,490570,84,1717326
60 hp,2012,9,100,2080822,22,448026,78,1632796
60 hp,2012,10,104,2350194,20,432948,84,1917246
60 hp,2012,11,108,2146328,30,524758,78,1621570
60 hp,2012,12,144,2818974,38,678302,106,2140672
60 hp,2013,1,108,2263304,12,229866,96,2033438
60 hp,2013,2,112,2268114,40,816062,72,1452052
60 hp,2013,3,102,2141018,12,260776,90,1880242
60 hp,2013,4,96,2084952,32,753540,64,1331412
60 hp,2013,5,98,2143658,26,569150,72,1574508
60 hp,2013,6,120,2594758,24,473334,96,2121424
60 hp,2013,7,108,2150768,28,564566,80,1586202
60 hp,2013,8,124,2670972,24,533794,100,2137178
60 hp,2013,9,94,2014584,16,356396,78,1658188
60 hp,2013,10,108,2210406,22,419598,86,1790808
60 hp,2013,11,88,1786958,18,353852,70,1433106
60 hp,2013,12,138,2865682,34,674408,104,2191274
60 hp,2014,1,108,2185584,26,534912,82,1650672
60 hp,2014,2,104,2335204,18,399652,86,1935552
60 hp,2014,3,140,2881968,28,610024,112,2271944
60 hp,2014,4,110,2333406,24,549666,86,1783740
60 hp,2014,5,138,2871178,38,853817.8,100,2017360.2
60 hp,2014,6,144,3087116,42,907143.6,102,2179972.4
60 hp,2014,7,,,,,,
60 hp,2014,8,,,,,,
60 hp,2014,9,,,,,,
60 hp,2014,10,,,,,,
60 hp,2014,11,,,,,,
60 hp,2014,12,,,,,,
7.5 hp,2009,1,192,900976,50,265046,142,635930
7.5 hp,2009,2,174,819070,34,171014,140,648056
7.5 hp,2009,3,198,986382,64,314716,134,671666
7.5 hp,2009,4,180,854750,54,268154,126,586596
7.5 hp,2009,5,130,626504,46,248826,84,377678
7.5 hp,2009,6,174,835022,54,272662,120,562360
7.5 hp,2009,7,196,967806,58,268624,138,699182
7.5 hp,2009,8,184,826150,56,270716,128,555434
7.5 hp,2009,9,186,831620,54,248668,132,582952
7.5 hp,2009,10,206,879310,64,287066,142,592244
7.5 hp,2009,11,186,897142,46,226992,140,670150
7.5 hp,2009,12,228,1061954,80,385186,148,676768
7.5 hp,2010,1,170,825706,62,299650,108,526056
7.5 hp,2010,2,140,690800,48,223940,92,466860
7.5 hp,2010,3,206,997538,74,361990,132,635548
7.5 hp,2010,4,200,969072,58,282300,142,686772
7.5 hp,2010,5,178,882902,42,205242,136,677660
7.5 hp,2010,6,192,908622,48,226844,144,681778
7.5 hp,2010,7,200,925066,58,249920,142,675146
7.5 hp,2010,8,178,868830,44,201052,134,667778
7.5 hp,2010,9,224,1027144,68,317008,156,710136
7.5 hp,2010,10,200,923778,72,317392,128,606386
7.5 hp,2010,11,212,1047202,64,287088,148,760114
7.5 hp,2010,12,264,1182848,70,321454,194,861394
7.5 hp,2011,1,222,1029032,42,205172,180,823860
7.5 hp,2011,2,192,946162,48,224266,144,721896
7.5 hp,2011,3,262,1216852,66,306536,196,910316
7.5 hp,2011,4,196,968918,66,302550,130,666368
7.5 hp,2011,5,226,1114662,58,272040,168,842622
7.5 hp,2011,6,248,1143718,44,212500,204,931218
7.5 hp,2011,7,218,1040202,64,301084,154,739118
7.5 hp,2011,8,266,1278246,78,379706,188,898540
7.5 hp,2011,9,314,1491074,92,462018,222,1029056
7.5 hp,2011,10,242,1129980,70,343268,172,786712
7.5 hp,2011,11,244,1106698,108,464290,136,642408
7.5 hp,2011,12,312,1468728,66,320888,246,1147840
7.5 hp,2012,1,248,1172284,60,255402,188,916882
7.5 hp,2012,2,252,1124812,80,382252,172,742560
7.5 hp,2012,3,300,1425384,60,267530,240,1157854
7.5 hp,2012,4,262,1265856,74,322278,188,943578
7.5 hp,2012,5,242,1191308,112,520540,130,670768
7.5 hp,2012,6,230,1158770,76,356436,154,802334
7.5 hp,2012,7,224,1108026,66,310696,158,797330
7.5 hp,2012,8,244,1203020,70,350842,174,852178
7.5 hp,2012,9,278,1389698,104,523356,174,866342
7.5 hp,2012,10,292,1437842,94,458070,198,979772
7.5 hp,2012,11,306,1494388,70,335452,236,1158936
7.5 hp,2012,12,314,1472110,78,376356,236,1095754
7.5 hp,2013,1,242,1256738,66,326292,176,930446
7.5 hp,2013,2,234,1156594,86,390262,148,766332
7.5 hp,2013,3,268,1364348,96,437204,172,927144
7.5 hp,2013,4,278,1400654,88,416936,190,983718
7.5 hp,2013,5,304,1497672,96,467992,208,1029680
7.5 hp,2013,6,252,1300222,78,370342,174,929880
7.5 hp,2013,7,248,1176508,60,282714,188,893794
7.5 hp,2013,8,296,1506664,98,467140,198,1039524
7.5 hp,2013,9,260,1316608,78,351966,182,964642
7.5 hp,2013,10,288,1496756,80,402444,208,1094312
7.5 hp,2013,11,310,1577502,96,462932,214,1114570
7.5 hp,2013,12,320,1631636,110,512038,210,1119598
7.5 hp,2014,1,142,692178,116,525608,84,429374
7.5 hp,2014,2,118,601196,70,318654,83,441869
7.5 hp,2014,3,138,698726,86,410028,95,493712
7.5 hp,2014,4,300,1509882,98,471902,202,1037980
7.5 hp,2014,5,116,591410,62,319336.4,85,431741.8
7.5 hp,2014,6,139,685222,84,385014.14,97,492714.93
7.5 hp,2014,7,,,,,,
7.5 hp,2014,8,,,,,,
7.5 hp,2014,9,,,,,,
7.5 hp,2014,10,,,,,,
7.5 hp,2014,11,,,,,,
7.5 hp,2014,12,,,,,,
75 hp,2009,1,112,2677164,24,498820,88,2178344
75 hp,2009,2,102,2242996,20,447040,82,1795956
75 hp,2009,3,142,3259452,30,598424,112,2661028
75 hp,2009,4,76,1696502,16,327728,60,1368774
75 hp,2009,5,110,2418344,36,782046,74,1636298
75 hp,2009,6,118,2514022,26,562520,92,1951502
75 hp,2009,7,104,2457758,20,430028,84,2027730
75 hp,2009,8,74,1708694,26,547006,48,1161688
75 hp,2009,9,120,2490620,40,786474,80,1704146
75 hp,2009,10,98,2155344,24,469042,74,1686302
75 hp,2009,11,128,2682766,20,378084,108,2304682
75 hp,2009,12,138,3163496,30,651520,108,2511976
75 hp,2010,1,102,2143662,14,264164,88,1879498
75 hp,2010,2,130,2964116,28,599716,102,2364400
75 hp,2010,3,176,3920064,44,888412,132,3031652
75 hp,2010,4,136,2928260,40,838734,96,2089526
75 hp,2010,5,142,3235608,32,705082,110,2530526
75 hp,2010,6,156,3655308,46,956924,110,2698384
75 hp,2010,7,122,2908584,38,899234,84,2009350
75 hp,2010,8,144,3379344,38,847566,106,2531778
75 hp,2010,9,136,3066858,20,432762,116,2634096
75 hp,2010,10,138,3219462,28,631510,110,2587952
75 hp,2010,11,120,2714382,26,544848,94,2169534
75 hp,2010,12,154,3354652,32,601750,122,2752902
75 hp,2011,1,128,2964672,20,394360,108,2570312
75 hp,2011,2,146,3307086,22,473516,124,2833570
75 hp,2011,3,214,4910300,54,1196386,160,3713914
75 hp,2011,4,156,3542558,50,1013338,106,2529220
75 hp,2011,5,144,3496080,46,1169882,98,2326198
75 hp,2011,6,158,3675952,42,992146,116,2683806
75 hp,2011,7,188,4337716,36,758748,152,3578968
75 hp,2011,8,160,3838156,34,788980,126,3049176
75 hp,2011,9,182,4610902,38,868888,144,3742014
75 hp,2011,10,176,4030172,44,984622,132,3045550
75 hp,2011,11,186,4452232,46,997184,140,3455048
75 hp,2011,12,204,5138814,42,972226,162,4166588
75 hp,2012,1,212,5140822,62,1516924,150,3623898
75 hp,2012,2,206,4908934,52,1114434,154,3794500
75 hp,2012,3,242,6048344,48,1156890,194,4891454
75 hp,2012,4,212,5188806,50,1177526,162,4011280
75 hp,2012,5,200,4832522,48,1147420,152,3685102
75 hp,2012,6,216,5284612,52,1399472,164,3885140
75 hp,2012,7,164,4177648,36,955114,128,3222534
75 hp,2012,8,226,5565062,52,1281028,174,4284034
75 hp,2012,9,242,5964876,64,1595410,178,4369466
75 hp,2012,10,246,6282174,46,1113124,200,5169050
75 hp,2012,11,220,5432176,74,1817550,146,3614626
75 hp,2012,12,176,4377046,56,1322158,120,3054888
75 hp,2013,1,200,4967502,36,884452,164,4083050
75 hp,2013,2,210,5203832,60,1433880,150,3769952
75 hp,2013,3,220,5462242,50,1205188,170,4257054
75 hp,2013,4,164,4105564,36,800194,128,3305370
75 hp,2013,5,240,5887774,56,1305454,184,4582320
75 hp,2013,6,236,5671852,56,1389032,180,4282820
75 hp,2013,7,198,4941012,50,1143524,148,3797488
75 hp,2013,8,216,5413432,58,1374208,158,4039224
75 hp,2013,9,236,5934418,54,1306022,182,4628396
75 hp,2013,10,192,4847446,22,501724,170,4345722
75 hp,2013,11,192,5226836,38,900000,154,4326836
75 hp,2013,12,252,6595592,78,1914252,174,4681340
75 hp,2014,1,218,5635656,52,1285330,166,4350326
75 hp,2014,2,208,5542414,56,1572580,152,3969834
75 hp,2014,3,200,5063774,50,1236018,150,3827756
75 hp,2014,4,196,5210746,68,1890194,128,3320552
75 hp,2014,5,186,4572086,44,1114995.8,142,3457090.2
75 hp,2014,6,208,5458388,54,1346500.1,154,4111887.9
75 hp,2014,7,,,,,,
75 hp,2014,8,,,,,,
75 hp,2014,9,,,,,,
75 hp,2014,10,,,,,,
75 hp,2014,11,,,,,,
75 hp,2014,12,,,,,,
