Registrant ID,TIMESTAMP,Time_Now
HPNZGSDMQMX,2014-07-09 11:07:47,2014-07-14 08:24:35
F5NZRZ3YVRD,2014-07-09 08:40:07,2014-07-14 08:24:35
FHNBTNMV3MP,2014-07-08 12:26:56,2014-07-14 08:24:35
ZHN7W97Z955,2014-07-08 13:26:38,2014-07-14 08:24:35
ZKNWRVBTXZ2,2014-07-08 13:25:42,2014-07-14 08:24:35
HGNYD3V77CQ,2014-07-07 19:13:24,2014-07-14 08:24:35
HJN6JRBWR3Z,2014-07-08 11:39:52,2014-07-14 08:24:35
KNNHPH2YTPX,2014-07-07 14:35:10,2014-07-14 08:24:35
JPNX3YQ5GV3,2014-07-08 10:35:18,2014-07-14 08:24:35
ZFN8QQ3RSP7,2014-07-07 20:00:46,2014-07-14 08:24:35
ZFN8QQ3RSP7,2014-07-09 13:31:24,2014-07-14 08:24:35
GTNVDYQPLXT,2014-07-08 13:26:46,2014-07-14 08:24:35
ZPNZYQRYRP9,2014-07-07 14:13:24,2014-07-14 08:24:35
N5N8T5CKSXY,2014-07-07 17:06:37,2014-07-14 08:24:35
HNNDMTZHK7R,2014-07-08 13:01:44,2014-07-14 08:24:35
ZDNF7FBYH54,2014-07-08 08:41:20,2014-07-14 08:24:35
N9NJ275XPMZ,2014-07-09 11:21:16,2014-07-14 08:24:35
KMNC8ML97ZK,2014-07-07 17:10:34,2014-07-14 08:24:35
KMNC8ML97ZK,2014-07-07 17:42:25,2014-07-14 08:24:35
JYNLNB87C73,2014-07-07 14:55:58,2014-07-14 08:24:35
N4N4QCSJWQX,2014-07-07 15:48:03,2014-07-14 08:24:35
P8N4TSH8SL3,2014-07-08 16:37:45,2014-07-14 08:24:35
LHNKDQDD8G3,2014-07-07 20:01:11,2014-07-14 08:24:35
LHNKDQDD8G3,2014-07-09 13:31:40,2014-07-14 08:24:35
PJNT3NKM6F4,2014-07-07 19:45:35,2014-07-14 08:24:35
G9NNGTMNLPJ,2014-07-08 08:44:18,2014-07-14 08:24:35
G9NNGTMNLPJ,2014-07-08 16:54:40,2014-07-14 08:24:35
F2NCWKFQ5FS,2014-07-09 11:12:11,2014-07-14 08:24:35
MDNSZPY6MLY,2014-07-08 16:17:20,2014-07-14 08:24:35
K7NW774HZMJ,2014-07-07 14:15:57,2014-07-14 08:24:35
K7NW774HZMJ,2014-07-07 19:13:16,2014-07-14 08:24:35
N6ND7Z47PGT,2014-07-08 11:40:25,2014-07-14 08:24:35
N6ND7Z47PGT,2014-07-08 12:26:32,2014-07-14 08:24:35
N6ND7Z47PGT,2014-07-08 12:26:46,2014-07-14 08:24:35
Z2NJRFDVDN6,2014-07-08 10:35:28,2014-07-14 08:24:35
VWN6ZZ99L3Q,2014-07-08 14:47:01,2014-07-14 08:24:35
GMN8T99TPMR,2014-07-07 18:20:02,2014-07-14 08:24:35
NTNS4MJ672W,2014-07-07 18:06:19,2014-07-14 08:24:35
V7NLG9GJ2B9,2014-07-09 12:52:35,2014-07-14 08:24:35
LGNFMNWML96,2014-07-09 11:37:13,2014-07-14 08:24:35
NMNP8S4HMDC,2014-07-08 14:34:21,2014-07-14 08:24:35
J6NT6YM6BYF,2014-07-09 13:08:53,2014-07-14 08:24:35
VBNHT8DPRD5,2014-07-08 15:11:35,2014-07-14 08:24:35
onsite095,2014-07-09 12:54:48,2014-07-14 08:24:35
HVN9P6WBWPD,2014-07-07 17:38:41,2014-07-14 08:24:35
KMNW7B2ZXV4,2014-07-08 13:13:04,2014-07-14 08:24:35
